http://hdl.handle.net/2027.42/97379,/repositories/2/digital_objects/1
http://hdl.handle.net/2027.42/97380,/repositories/2/digital_objects/2
http://hdl.handle.net/2027.42/97381,/repositories/2/digital_objects/3
http://hdl.handle.net/2027.42/97382,/repositories/2/digital_objects/4
http://hdl.handle.net/2027.42/97383,/repositories/2/digital_objects/5
http://hdl.handle.net/2027.42/97384,/repositories/2/digital_objects/6
http://hdl.handle.net/2027.42/97385,/repositories/2/digital_objects/7
http://hdl.handle.net/2027.42/97386,/repositories/2/digital_objects/8
http://hdl.handle.net/2027.42/97387,/repositories/2/digital_objects/9
http://hdl.handle.net/2027.42/97388,/repositories/2/digital_objects/10
http://hdl.handle.net/2027.42/97389,/repositories/2/digital_objects/11
http://hdl.handle.net/2027.42/97390,/repositories/2/digital_objects/12
http://hdl.handle.net/2027.42/97391,/repositories/2/digital_objects/13
http://hdl.handle.net/2027.42/97392,/repositories/2/digital_objects/14
http://hdl.handle.net/2027.42/97393,/repositories/2/digital_objects/15
http://hdl.handle.net/2027.42/97394,/repositories/2/digital_objects/16
http://hdl.handle.net/2027.42/97395,/repositories/2/digital_objects/17
http://hdl.handle.net/2027.42/97396,/repositories/2/digital_objects/18
http://hdl.handle.net/2027.42/97397,/repositories/2/digital_objects/19
http://hdl.handle.net/2027.42/97398,/repositories/2/digital_objects/20
http://hdl.handle.net/2027.42/97399,/repositories/2/digital_objects/21
http://hdl.handle.net/2027.42/97400,/repositories/2/digital_objects/22
http://hdl.handle.net/2027.42/97401,/repositories/2/digital_objects/23
http://hdl.handle.net/2027.42/97402,/repositories/2/digital_objects/24
http://hdl.handle.net/2027.42/97403,/repositories/2/digital_objects/25
http://hdl.handle.net/2027.42/97404,/repositories/2/digital_objects/26
http://hdl.handle.net/2027.42/97405,/repositories/2/digital_objects/27
http://hdl.handle.net/2027.42/97406,/repositories/2/digital_objects/28
http://hdl.handle.net/2027.42/97407,/repositories/2/digital_objects/29
http://hdl.handle.net/2027.42/97408,/repositories/2/digital_objects/30
http://hdl.handle.net/2027.42/97409,/repositories/2/digital_objects/31
http://hdl.handle.net/2027.42/97410,/repositories/2/digital_objects/32
http://hdl.handle.net/2027.42/97411,/repositories/2/digital_objects/33
http://hdl.handle.net/2027.42/97412,/repositories/2/digital_objects/34
http://hdl.handle.net/2027.42/97413,/repositories/2/digital_objects/35
http://hdl.handle.net/2027.42/97414,/repositories/2/digital_objects/36
http://hdl.handle.net/2027.42/97415,/repositories/2/digital_objects/37
http://hdl.handle.net/2027.42/97416,/repositories/2/digital_objects/38
http://hdl.handle.net/2027.42/97417,/repositories/2/digital_objects/39
http://hdl.handle.net/2027.42/97420,/repositories/2/digital_objects/40
http://hdl.handle.net/2027.42/97421,/repositories/2/digital_objects/41
http://hdl.handle.net/2027.42/97422,/repositories/2/digital_objects/42
http://hdl.handle.net/2027.42/97423,/repositories/2/digital_objects/43
http://hdl.handle.net/2027.42/110241,/repositories/2/digital_objects/44
http://hdl.handle.net/2027.42/102551,/repositories/2/digital_objects/45
http://hdl.handle.net/2027.42/102551,/repositories/2/digital_objects/46
http://hdl.handle.net/2027.42/102551,/repositories/2/digital_objects/47
http://hdl.handle.net/2027.42/102551,/repositories/2/digital_objects/48
http://hdl.handle.net/2027.42/102551,/repositories/2/digital_objects/49
http://hdl.handle.net/2027.42/102552,/repositories/2/digital_objects/50
http://hdl.handle.net/2027.42/102555,/repositories/2/digital_objects/51
http://hdl.handle.net/2027.42/102555,/repositories/2/digital_objects/52
http://hdl.handle.net/2027.42/102555,/repositories/2/digital_objects/53
http://hdl.handle.net/2027.42/102555,/repositories/2/digital_objects/54
http://hdl.handle.net/2027.42/102556,/repositories/2/digital_objects/55
http://hdl.handle.net/2027.42/102557,/repositories/2/digital_objects/56
http://hdl.handle.net/2027.42/102558,/repositories/2/digital_objects/57
http://hdl.handle.net/2027.42/102558,/repositories/2/digital_objects/58
http://hdl.handle.net/2027.42/102558,/repositories/2/digital_objects/59
http://hdl.handle.net/2027.42/102558,/repositories/2/digital_objects/60
http://hdl.handle.net/2027.42/102558,/repositories/2/digital_objects/61
http://hdl.handle.net/2027.42/102558,/repositories/2/digital_objects/62
http://hdl.handle.net/2027.42/102558,/repositories/2/digital_objects/63
http://hdl.handle.net/2027.42/102558,/repositories/2/digital_objects/64
http://hdl.handle.net/2027.42/102559,/repositories/2/digital_objects/65
http://hdl.handle.net/2027.42/102560,/repositories/2/digital_objects/66
http://hdl.handle.net/2027.42/102561,/repositories/2/digital_objects/67
http://hdl.handle.net/2027.42/102562,/repositories/2/digital_objects/68
http://hdl.handle.net/2027.42/102563,/repositories/2/digital_objects/69
http://hdl.handle.net/2027.42/102553,/repositories/2/digital_objects/70
http://hdl.handle.net/2027.42/102554,/repositories/2/digital_objects/71
http://hdl.handle.net/2027.42/102567,/repositories/2/digital_objects/72
http://hdl.handle.net/2027.42/102568,/repositories/2/digital_objects/73
http://hdl.handle.net/2027.42/102564,/repositories/2/digital_objects/74
http://hdl.handle.net/2027.42/102564,/repositories/2/digital_objects/75
http://hdl.handle.net/2027.42/102564,/repositories/2/digital_objects/76
http://hdl.handle.net/2027.42/102564,/repositories/2/digital_objects/77
http://hdl.handle.net/2027.42/102564,/repositories/2/digital_objects/78
http://hdl.handle.net/2027.42/102564,/repositories/2/digital_objects/79
http://hdl.handle.net/2027.42/102564,/repositories/2/digital_objects/80
http://hdl.handle.net/2027.42/102565,/repositories/2/digital_objects/81
http://hdl.handle.net/2027.42/102566,/repositories/2/digital_objects/82
http://hdl.handle.net/2027.42/111860,/repositories/2/digital_objects/83
http://hdl.handle.net/2027.42/111868,/repositories/2/digital_objects/84
http://hdl.handle.net/2027.42/111869,/repositories/2/digital_objects/85
http://hdl.handle.net/2027.42/111870,/repositories/2/digital_objects/86
http://hdl.handle.net/2027.42/111871,/repositories/2/digital_objects/87
http://hdl.handle.net/2027.42/111872,/repositories/2/digital_objects/88
http://hdl.handle.net/2027.42/111873,/repositories/2/digital_objects/89
http://hdl.handle.net/2027.42/111874,/repositories/2/digital_objects/90
http://hdl.handle.net/2027.42/111851,/repositories/2/digital_objects/91
http://hdl.handle.net/2027.42/111865,/repositories/2/digital_objects/92
http://hdl.handle.net/2027.42/111854,/repositories/2/digital_objects/93
http://hdl.handle.net/2027.42/111861,/repositories/2/digital_objects/94
http://hdl.handle.net/2027.42/111852,/repositories/2/digital_objects/95
http://hdl.handle.net/2027.42/111862,/repositories/2/digital_objects/96
http://hdl.handle.net/2027.42/111863,/repositories/2/digital_objects/97
http://hdl.handle.net/2027.42/111850,/repositories/2/digital_objects/98
http://hdl.handle.net/2027.42/111853,/repositories/2/digital_objects/99
http://hdl.handle.net/2027.42/111855,/repositories/2/digital_objects/100
http://hdl.handle.net/2027.42/111859,/repositories/2/digital_objects/101
http://hdl.handle.net/2027.42/111864,/repositories/2/digital_objects/102
http://hdl.handle.net/2027.42/111856,/repositories/2/digital_objects/103
http://hdl.handle.net/2027.42/111857,/repositories/2/digital_objects/104
http://hdl.handle.net/2027.42/111858,/repositories/2/digital_objects/105
http://hdl.handle.net/2027.42/111866,/repositories/2/digital_objects/106
http://hdl.handle.net/2027.42/111867,/repositories/2/digital_objects/107
http://hdl.handle.net/2027.42/96440,/repositories/2/digital_objects/108
http://hdl.handle.net/2027.42/96441,/repositories/2/digital_objects/109
http://hdl.handle.net/2027.42/95923,/repositories/2/digital_objects/110
http://hdl.handle.net/2027.42/97298,/repositories/2/digital_objects/111
http://hdl.handle.net/2027.42/93344,/repositories/2/digital_objects/112
http://hdl.handle.net/2027.42/96437,/repositories/2/digital_objects/113
http://hdl.handle.net/2027.42/96438,/repositories/2/digital_objects/114
http://hdl.handle.net/2027.42/96874,/repositories/2/digital_objects/115
http://hdl.handle.net/2027.42/96439,/repositories/2/digital_objects/116
http://hdl.handle.net/2027.42/94163,/repositories/2/digital_objects/117
http://hdl.handle.net/2027.42/94164,/repositories/2/digital_objects/118
http://hdl.handle.net/2027.42/94162,/repositories/2/digital_objects/119
http://hdl.handle.net/2027.42/102569,/repositories/2/digital_objects/120
87245-w-1,/repositories/2/digital_objects/121
http://webarchives.cdlib.org/site/sw17p8tw5w,/repositories/2/digital_objects/122
